Time	Target
2022-05-02 00:00:00	0.0025327952151990526
2022-05-02 06:00:00	0.0024687949983359723
2022-05-02 12:00:00	0.002113685343738638
2022-05-02 18:00:00	0.0030954220892340564
2022-05-03 00:00:00	0.0024856778147210597
2022-05-03 06:00:00	0.0041052149269278195
2022-05-03 12:00:00	0.0030597846536756027
2022-05-03 18:00:00	0.0030136434208965276
2022-05-04 00:00:00	0.007680069990183853
2022-05-04 06:00:00	0.5514277980702696
2022-05-04 12:00:00	0.6806229526090967
2022-05-04 18:00:00	0.6767932702099815
2022-05-05 00:00:00	0.6742717661698132
2022-05-05 06:00:00	0.6731877485446971
2022-05-05 12:00:00	0.6871889618973142
2022-05-05 18:00:00	0.6863928265851761
2022-05-06 00:00:00	0.6853115355842956
2022-05-06 06:00:00	0.14986873711845974
2022-05-06 12:00:00	0.022334405439638463
2022-05-06 18:00:00	0.02320890406228594
2022-05-07 00:00:00	0.022655430802710555
2022-05-07 06:00:00	0.1330619836635331
2022-05-07 12:00:00	0.29903608906042783
2022-05-07 18:00:00	0.305932011486346
2022-05-08 00:00:00	0.31396630411410936
2022-05-08 06:00:00	0.3117850752851524
2022-05-08 12:00:00	0.452966693070377
2022-05-08 18:00:00	0.4551385267061041
2022-05-09 00:00:00	0.4542239101908513
2022-05-09 06:00:00	0.43513527531353796
2022-05-09 12:00:00	0.8102232237894629
2022-05-09 18:00:00	0.8143541041802975
2022-05-10 00:00:00	0.8092808399068425
2022-05-10 06:00:00	0.8091748667061954
2022-05-10 12:00:00	0.6644932346562268
2022-05-10 18:00:00	0.6652748840123556
2022-05-11 00:00:00	0.6650431159438209
2022-05-11 06:00:00	0.5817053041141427
2022-05-11 12:00:00	0.05400634004329479
2022-05-11 18:00:00	0.04036376524004387
2022-05-12 00:00:00	0.04164349185793222
2022-05-12 06:00:00	0.05224614048210876
2022-05-12 12:00:00	0.050802963629334605
2022-05-12 18:00:00	0.050150007284033044
2022-05-13 00:00:00	0.05127971238190203
2022-05-13 06:00:00	0.05112779719798974
2022-05-13 12:00:00	0.01409138631167925
2022-05-13 18:00:00	0.013071436419219856
2022-05-14 00:00:00	0.014333264841644924
2022-05-14 06:00:00	0.0032879831491218637
2022-05-14 12:00:00	0.003621822341398361
2022-05-14 18:00:00	0.002875984719459994
2022-05-15 00:00:00	0.002972323654152376
2022-05-15 06:00:00	0.0642593742535878
2022-05-15 12:00:00	0.18713278710775547
2022-05-15 18:00:00	0.1863249986716586
2022-05-16 00:00:00	0.18573346754162007
2022-05-16 06:00:00	0.18792849499133274
2022-05-16 12:00:00	0.18679659684017627
2022-05-16 18:00:00	0.1883242100853698
2022-05-17 00:00:00	0.1878735419181518
2022-05-17 06:00:00	0.12817183010506586
2022-05-17 12:00:00	0.002878873454989975
2022-05-17 18:00:00	0.0025839978244662277
2022-05-18 00:00:00	0.0023743101813350383
2022-05-18 06:00:00	0.0028116460113364336
2022-05-18 12:00:00	0.004172753637166881
2022-05-18 18:00:00	0.0031599884171902787
2022-05-19 00:00:00	0.003031741921140826
2022-05-19 06:00:00	0.0036461822110724095
2022-05-19 12:00:00	0.003276389971404121
2022-05-19 18:00:00	0.004853104035489854
2022-05-20 00:00:00	0.0057832878553513364
2022-05-20 06:00:00	0.0034203566614415567
2022-05-20 12:00:00	0.004072072790007762
2022-05-20 18:00:00	0.003268983166202251
2022-05-21 00:00:00	0.0036525184257489643
2022-05-21 06:00:00	0.003444354181608258
2022-05-21 12:00:00	0.003988745993053674
2022-05-21 18:00:00	0.004313701072402511
2022-05-22 00:00:00	0.0043360661844141024
2022-05-22 06:00:00	0.0037096241420063836
2022-05-22 12:00:00	0.003989427305592433
2022-05-22 18:00:00	0.0048011938897738
2022-05-23 00:00:00	0.004477178954480079
2022-05-23 06:00:00	0.006466505520607322
2022-05-23 12:00:00	0.021691763657762826
2022-05-23 18:00:00	0.020831547647676037
2022-05-24 00:00:00	0.020264553585335444
2022-05-24 06:00:00	0.020237973133551718
2022-05-24 12:00:00	0.01969883022067921
2022-05-24 18:00:00	0.019987248978443596
2022-05-25 00:00:00	0.019570383562598652
2022-05-25 06:00:00	0.018948233622719107
2022-05-25 12:00:00	0.004978197187882151
2022-05-25 18:00:00	0.11083750549309998
2022-05-26 00:00:00	0.41590785866903596
2022-05-26 06:00:00	0.41790081826271425
2022-05-26 12:00:00	0.4186669508907308
2022-05-26 18:00:00	0.41844928921382135
2022-05-27 00:00:00	0.4206629608844411
2022-05-27 06:00:00	0.42177428570187053
2022-05-27 12:00:00	0.4221504353711181
2022-05-27 18:00:00	0.31917952356370444
2022-05-28 00:00:00	0.05383748746392352
2022-05-28 06:00:00	0.052461388411587866
2022-05-28 12:00:00	0.05226254547659316
2022-05-28 18:00:00	0.05382940578620191
2022-05-29 00:00:00	0.05396848062579546
2022-05-29 06:00:00	0.05377797127809847
2022-05-29 12:00:00	0.07683068999754393
2022-05-29 18:00:00	0.07581010620437537
2022-05-30 00:00:00	0.030373446782144688
2022-05-30 06:00:00	0.03421259045210956
2022-05-30 12:00:00	0.041498536115505975
2022-05-30 18:00:00	0.041934622927790065
2022-05-31 00:00:00	0.04054149390097821
2022-05-31 06:00:00	0.040632424766289026
2022-05-31 12:00:00	0.0145739246650256
2022-05-31 18:00:00	0.015136701046326813
2022-06-01 00:00:00	0.01523276452990954
2022-06-01 06:00:00	0.011020569754137715
2022-06-01 12:00:00	0.005196115237652353
2022-06-01 18:00:00	0.004823313010286678
2022-06-02 00:00:00	0.004345254447147624
2022-06-02 06:00:00	0.005475897770411755
2022-06-02 12:00:00	0.005672857380493325
2022-06-02 18:00:00	0.006359657632805221
2022-06-03 00:00:00	0.006193962493316843
2022-06-03 06:00:00	0.007899395237649074
2022-06-03 12:00:00	0.0045423252506049125
2022-06-03 18:00:00	0.005662148060522703
2022-06-04 00:00:00	0.008336986210258428
2022-06-04 06:00:00	0.007162970373999776
2022-06-04 12:00:00	0.005627979591602748
2022-06-04 18:00:00	0.005720889259593004
2022-06-05 00:00:00	0.005053202696761722
2022-06-05 06:00:00	0.005420186114812112
2022-06-05 12:00:00	0.006411060895293943
2022-06-05 18:00:00	0.0062746137153354385
2022-06-06 00:00:00	0.006483586829943913
2022-06-06 06:00:00	0.005535497884395241
2022-06-06 12:00:00	0.03890143768718148
2022-06-06 18:00:00	0.07774877872332417
2022-06-07 00:00:00	0.08095094096873197
2022-06-07 06:00:00	0.08235038790810763
2022-06-07 12:00:00	0.08102391040447722
2022-06-07 18:00:00	0.07961494674008085
2022-06-08 00:00:00	0.08128891302371004
2022-06-08 06:00:00	0.08207048167809683
2022-06-08 12:00:00	0.0491234777117956
2022-06-08 18:00:00	0.006580616265613459
2022-06-09 00:00:00	0.016098843558753927
2022-06-09 06:00:00	0.02587128998451229
2022-06-09 12:00:00	0.023854320122437805
2022-06-09 18:00:00	0.02506192996119108
2022-06-10 00:00:00	0.029721100027339888
2022-06-10 06:00:00	0.02911610236793561
2022-06-10 12:00:00	0.035304944088916164
2022-06-10 18:00:00	0.04305481055496919
2022-06-11 00:00:00	0.03403122154948891
2022-06-11 06:00:00	0.026139660862294477
2022-06-11 12:00:00	0.03415083401587641
2022-06-11 18:00:00	0.032641207518957424
2022-06-12 00:00:00	0.03858712298136081
2022-06-12 06:00:00	0.03741742327820633
2022-06-12 12:00:00	0.03255075063148945
2022-06-12 18:00:00	0.029668119417373847
2022-06-13 00:00:00	0.03753216269064065
2022-06-13 06:00:00	0.038579644178726724
2022-06-13 12:00:00	0.034348078965959754
2022-06-13 18:00:00	0.03996250744776162
2022-06-14 00:00:00	0.036179712748054434
2022-06-14 06:00:00	0.04093768798064389
2022-06-14 12:00:00	0.04173884982119146
2022-06-14 18:00:00	0.0402232231109792
2022-06-15 00:00:00	0.03269395236781713
2022-06-15 06:00:00	0.03277443500979957
2022-06-15 12:00:00	0.03505186929758571
2022-06-15 18:00:00	0.033154763534434105
2022-06-16 00:00:00	0.04111730963527193
2022-06-16 06:00:00	0.03927695457111761
2022-06-16 12:00:00	0.04392738058983936
2022-06-16 18:00:00	0.05569335685321052
2022-06-17 00:00:00	0.061844494861357235
2022-06-17 06:00:00	0.06662052219894196
2022-06-17 12:00:00	0.06756528989967965
2022-06-17 18:00:00	0.06408509873740742
2022-06-18 00:00:00	0.05677393136679621
2022-06-18 06:00:00	0.05754416794686625
2022-06-18 12:00:00	0.05560544361753818
2022-06-18 18:00:00	0.04919261422904304
2022-06-19 00:00:00	0.056916063380102876
2022-06-19 06:00:00	0.05440569087502525
2022-06-19 12:00:00	0.05396424155178109
2022-06-19 18:00:00	0.061943404769927934
2022-06-20 00:00:00	0.06973260828226105
2022-06-20 06:00:00	0.07491888197303284
2022-06-20 12:00:00	0.08210292249917614
2022-06-20 18:00:00	0.08084272848380522
2022-06-21 00:00:00	0.08242433401572717
2022-06-21 06:00:00	0.09221101970076137
2022-06-21 12:00:00	0.08957099550669441
2022-06-21 18:00:00	0.0839170541197154
2022-06-22 00:00:00	0.09101185922758538
2022-06-22 06:00:00	0.08472311764037126
2022-06-22 12:00:00	0.1043611872566617
2022-06-22 18:00:00	0.12083332832030669
2022-06-23 00:00:00	0.1332486605431312
2022-06-23 06:00:00	0.13406566442628706
2022-06-23 12:00:00	0.13962087680564642
2022-06-23 18:00:00	0.14676042464540565
2022-06-24 00:00:00	0.1383883977292042
2022-06-24 06:00:00	0.1462415332419764
2022-06-24 12:00:00	0.12538957881334553
2022-06-24 18:00:00	0.11607182415576096
2022-06-25 00:00:00	0.10323191184046362
2022-06-25 06:00:00	0.10154557036544976
2022-06-25 12:00:00	0.10308734213757813
2022-06-25 18:00:00	0.09631828892356085
2022-06-26 00:00:00	0.08857325090995243
2022-06-26 06:00:00	0.08984192033214634
2022-06-26 12:00:00	0.08712004649851839
2022-06-26 18:00:00	0.08098673742097301
2022-06-27 00:00:00	0.08198933658994317
2022-06-27 06:00:00	0.08168917580121661
2022-06-27 12:00:00	0.0779185173031661
2022-06-27 18:00:00	0.0838418459480432
2022-06-28 00:00:00	0.1047908942203373
2022-06-28 06:00:00	0.09922229721896426
2022-06-28 12:00:00	0.09811956905122485
2022-06-28 18:00:00	0.09834816765526824
2022-06-29 00:00:00	0.1294890144583259
2022-06-29 06:00:00	0.12490564641171145
2022-06-29 12:00:00	0.15258123121057066
2022-06-29 18:00:00	0.15347392911091473
2022-06-30 00:00:00	0.13439733104364698
2022-06-30 06:00:00	0.13928202072834053
2022-06-30 12:00:00	0.1431140749443544
2022-06-30 18:00:00	0.14426376362979598
2022-07-01 00:00:00	0.11043768150207324
2022-07-01 06:00:00	0.11508207213276042
2022-07-01 12:00:00	0.08977385139941918
2022-07-01 18:00:00	0.08999876451861678
2022-07-02 00:00:00	0.09107891507209509
2022-07-02 06:00:00	0.08626655174182972
2022-07-02 12:00:00	0.08749679493286522
2022-07-02 18:00:00	0.10033830526761424
2022-07-03 00:00:00	0.10881566553539995
2022-07-03 06:00:00	0.11025609452086922
2022-07-03 12:00:00	0.10861544262781153
2022-07-03 18:00:00	0.11144023303288976
2022-07-04 00:00:00	0.1156862590225891
2022-07-04 06:00:00	0.11785523439002843
2022-07-04 12:00:00	0.17286811544051198
2022-07-04 18:00:00	0.16290496402701787
2022-07-05 00:00:00	0.15558607329158888
2022-07-05 06:00:00	0.15603890296375203
2022-07-05 12:00:00	0.1571418718320655
2022-07-05 18:00:00	0.1521000684621483
2022-07-06 00:00:00	0.14846662106621936
2022-07-06 06:00:00	0.14831833475235476
2022-07-06 12:00:00	0.097605414638736
2022-07-06 18:00:00	0.09246583539915797
2022-07-07 00:00:00	0.10273758202017128
2022-07-07 06:00:00	0.10334560039507676
2022-07-07 12:00:00	0.10350839314255976
2022-07-07 18:00:00	0.10360067859318171
2022-07-08 00:00:00	0.10936004108434688
2022-07-08 06:00:00	0.1094627841913202
2022-07-08 12:00:00	0.10932495889595305
2022-07-08 18:00:00	0.1174292691325116
2022-07-09 00:00:00	0.10838128882283045
2022-07-09 06:00:00	0.1051550448650318
2022-07-09 12:00:00	0.1052141676924674
2022-07-09 18:00:00	0.10592974942960867
2022-07-10 00:00:00	0.10069363641554253
2022-07-10 06:00:00	0.10136159955578984
2022-07-10 12:00:00	0.1028142192475438
2022-07-10 18:00:00	0.09190621546975675
2022-07-11 00:00:00	0.09363390634986378
2022-07-11 06:00:00	0.09525851268953511
2022-07-11 12:00:00	0.0943680761729883
2022-07-11 18:00:00	0.09443721012434583
2022-07-12 00:00:00	0.10358788983294177
2022-07-12 06:00:00	0.10268824319691434
2022-07-12 12:00:00	0.10414069663168674
2022-07-12 18:00:00	0.10258372469727213
2022-07-13 00:00:00	0.10863692058146157
2022-07-13 06:00:00	0.10866364868934178
2022-07-13 12:00:00	0.10106030758966886
2022-07-13 18:00:00	0.19264401362406677
2022-07-14 00:00:00	1.2328410513301842
2022-07-14 06:00:00	1.4336735421129085
2022-07-14 12:00:00	1.4465344493748375
2022-07-14 18:00:00	1.44528258149147
2022-07-15 00:00:00	1.4436359491496735
2022-07-15 06:00:00	1.4429704335783775
2022-07-15 12:00:00	1.4442041086986805
2022-07-15 18:00:00	1.4979680344804782
2022-07-16 00:00:00	1.5396935937567942
2022-07-16 06:00:00	1.3422165496508092
2022-07-16 12:00:00	1.324977486538904
2022-07-16 18:00:00	1.330397984904379
2022-07-17 00:00:00	1.330895375849263
2022-07-17 06:00:00	1.3328678558223603
2022-07-17 12:00:00	1.3309111296634086
2022-07-17 18:00:00	1.1989845718412004
2022-07-18 00:00:00	0.08779371209370941
2022-07-18 06:00:00	0.08745068718273055
2022-07-18 12:00:00	0.08704078865160664
2022-07-18 18:00:00	0.08803704601530203
2022-07-19 00:00:00	0.17378110488757667
2022-07-19 06:00:00	0.17393631305129512
2022-07-19 12:00:00	0.18079999564720503
2022-07-19 18:00:00	0.1803101001939702
2022-07-20 00:00:00	0.17307562297926637
2022-07-20 06:00:00	0.17257411841224235
2022-07-20 12:00:00	0.17354713750541018
2022-07-20 18:00:00	0.17107519552056552
2022-07-21 00:00:00	0.08761261604737554
2022-07-21 06:00:00	0.08640090425501266
2022-07-21 12:00:00	0.08649716382769822
2022-07-21 18:00:00	0.08566035961726541
2022-07-22 00:00:00	0.09419558526609711
2022-07-22 06:00:00	0.09472583327780099
2022-07-22 12:00:00	0.09419208703013991
2022-07-22 18:00:00	0.08999029308672382
2022-07-23 00:00:00	0.08997453470527614
2022-07-23 06:00:00	0.09105294845584197
2022-07-23 12:00:00	0.0914178302953145
2022-07-23 18:00:00	0.0928993689994766
2022-07-24 00:00:00	0.09219943503532001
2022-07-24 06:00:00	0.09256722983209663
2022-07-24 12:00:00	0.1211055394015499
2022-07-24 18:00:00	0.12852330926933123
2022-07-25 00:00:00	0.12864925175612205
2022-07-25 06:00:00	0.1268862281991953
2022-07-25 12:00:00	0.12825277538864208
2022-07-25 18:00:00	0.12690982806827003
2022-07-26 00:00:00	0.12086682186938243
2022-07-26 06:00:00	0.13787772874025764
2022-07-26 12:00:00	0.108715562296366
2022-07-26 18:00:00	0.10671741749332633
2022-07-27 00:00:00	0.10670439310149767
2022-07-27 06:00:00	0.10551945530608697
2022-07-27 12:00:00	0.35146034273297216
2022-07-27 18:00:00	1.5093169596716012
2022-07-28 00:00:00	1.5425064801272161
2022-07-28 06:00:00	1.532329790646343
2022-07-28 12:00:00	1.5338999622687204
2022-07-28 18:00:00	1.5365698558328367
2022-07-29 00:00:00	1.5353897018430533
2022-07-29 06:00:00	1.5407762813583643
2022-07-29 12:00:00	1.28730543850895
2022-07-29 18:00:00	0.12138080770015429
2022-07-30 00:00:00	0.0921289038146311
2022-07-30 06:00:00	0.09211975063111884
2022-07-30 12:00:00	0.0927685003970602
2022-07-30 18:00:00	0.09332001476864664
2022-07-31 00:00:00	0.09442399247658417
2022-07-31 06:00:00	0.09522830381183604
2022-07-31 12:00:00	0.09530846511747812
2022-07-31 18:00:00	0.2896428366018809
2022-08-01 00:00:00	0.2969070658564343
2022-08-01 06:00:00	0.2957360247759719
2022-08-01 12:00:00	0.38156821710972916
2022-08-01 18:00:00	0.4931488471492326
2022-08-02 00:00:00	0.5922316224101498
2022-08-02 06:00:00	0.5916306785638258
2022-08-02 12:00:00	0.5940654026697113
2022-08-02 18:00:00	0.3981834058603213
2022-08-03 00:00:00	0.38952527182622576
2022-08-03 06:00:00	0.3880998051609747
2022-08-03 12:00:00	0.3034039862043859
2022-08-03 18:00:00	0.19289878184741077
2022-08-04 00:00:00	0.08882652756049118
2022-08-04 06:00:00	0.09020072647753191
2022-08-04 12:00:00	0.08866248732763125
2022-08-04 18:00:00	0.08813192316945884
2022-08-05 00:00:00	0.08345453585862009
2022-08-05 06:00:00	0.08262239797101895
2022-08-05 12:00:00	0.08332712743416634
2022-08-05 18:00:00	0.08545492079031053
2022-08-06 00:00:00	0.08640487244939359
2022-08-06 06:00:00	0.08612024552112865
2022-08-06 12:00:00	0.08655858277666734
2022-08-06 18:00:00	0.08811509512286975
2022-08-07 00:00:00	0.09263547237354743
2022-08-07 06:00:00	0.0913407311449364
2022-08-07 12:00:00	0.09195596275479348
2022-08-07 18:00:00	0.1110521202533422
2022-08-08 00:00:00	0.12516587529588463
2022-08-08 06:00:00	0.12509163844891855
2022-08-08 12:00:00	0.12702522972850805
2022-08-08 18:00:00	0.12535959791066575
2022-08-09 00:00:00	0.14166060102242797
2022-08-09 06:00:00	0.1425545443829353
2022-08-09 12:00:00	0.17328633521905262
2022-08-09 18:00:00	0.1581023259297838
2022-08-10 00:00:00	0.13811016606413257
2022-08-10 06:00:00	0.1551580014069589
2022-08-10 12:00:00	0.18412199898198142
2022-08-10 18:00:00	0.18040676420386983
2022-08-11 00:00:00	0.1670741189247081
2022-08-11 06:00:00	0.1667412986527159
2022-08-11 12:00:00	0.13179290806503285
2022-08-11 18:00:00	0.12986200477579873
2022-08-12 00:00:00	0.9762727746122359
2022-08-12 06:00:00	1.130410881672824
2022-08-12 12:00:00	1.1032232029182611
2022-08-12 18:00:00	1.103096765050139
2022-08-13 00:00:00	1.1026951144980512
2022-08-13 06:00:00	1.1019267542467148
2022-08-13 12:00:00	1.1066143187947481
2022-08-13 18:00:00	1.1066697559821543
2022-08-14 00:00:00	0.2655286022682462
2022-08-14 06:00:00	0.09493077893212444
2022-08-14 12:00:00	0.09330324266877658
2022-08-14 18:00:00	0.09420053526406706
2022-08-15 00:00:00	0.09453945648681548
2022-08-15 06:00:00	0.09536924235802653
2022-08-15 12:00:00	0.09461480716172406
2022-08-15 18:00:00	0.09550704586348188
2022-08-16 00:00:00	0.09511587399117087
2022-08-16 06:00:00	0.09571202697146744
2022-08-16 12:00:00	0.09752295002385582
2022-08-16 18:00:00	0.09571716436207635
2022-08-17 00:00:00	0.09692805914580535
2022-08-17 06:00:00	0.11051368057555322
2022-08-17 12:00:00	0.23607186548835948
2022-08-17 18:00:00	0.3478637162569288
2022-08-18 00:00:00	0.3600716942305477
2022-08-18 06:00:00	0.35824509910008523
2022-08-18 12:00:00	0.3562589040748558
2022-08-18 18:00:00	0.3563815681108771
2022-08-19 00:00:00	0.3565232853168538
2022-08-19 06:00:00	0.336733728471233
2022-08-19 12:00:00	0.21730519124283573
2022-08-19 18:00:00	0.11074730524531545
2022-08-20 00:00:00	0.09438790936840243
2022-08-20 06:00:00	0.09235434549579093
2022-08-20 12:00:00	0.09403009384186503
2022-08-20 18:00:00	0.11139112147991237
2022-08-21 00:00:00	0.18050552919641255
2022-08-21 06:00:00	0.23492799350261404
2022-08-21 12:00:00	0.2590490790461065
2022-08-21 18:00:00	0.28582378216471516
2022-08-22 00:00:00	0.2652439520129006
2022-08-22 06:00:00	0.23266897351631766
2022-08-22 12:00:00	0.164003054808155
2022-08-22 18:00:00	0.12188302564471837
2022-08-23 00:00:00	0.16255123117969103
2022-08-23 06:00:00	0.22272856712406858
2022-08-23 12:00:00	0.2851492940438807
2022-08-23 18:00:00	0.28326638728741665
2022-08-24 00:00:00	0.29722748945495236
2022-08-24 06:00:00	0.3122051970731921
2022-08-24 12:00:00	0.3293913176942015
2022-08-24 18:00:00	0.33907710028777077
2022-08-25 00:00:00	0.34129784832443444
2022-08-25 06:00:00	0.3394560275122234
2022-08-25 12:00:00	0.30173004941983267
2022-08-25 18:00:00	0.29592724815841165
2022-08-26 00:00:00	0.29879696193178285
2022-08-26 06:00:00	0.301917259191419
2022-08-26 12:00:00	0.30578006638957667
2022-08-26 18:00:00	0.26295139314050753
2022-08-27 00:00:00	0.2528305200280441
2022-08-27 06:00:00	0.25232517279583494
2022-08-27 12:00:00	0.24176742257543532
2022-08-27 18:00:00	0.15583095556711854
2022-08-28 00:00:00	0.1570826611962327
2022-08-28 06:00:00	0.15697113734713344
2022-08-28 12:00:00	0.10992452986249926
2022-08-28 18:00:00	0.09150435292700546
2022-08-29 00:00:00	0.09173236975834118
2022-08-29 06:00:00	0.09091403805459408
2022-08-29 12:00:00	0.1950813778962205
2022-08-29 18:00:00	0.3081987488877391
2022-08-30 00:00:00	0.3059283598616829
2022-08-30 06:00:00	0.3041219106317287
2022-08-30 12:00:00	0.3113032987696295
2022-08-30 18:00:00	0.4318722439724481
2022-08-31 00:00:00	0.4320930907247228
2022-08-31 06:00:00	0.4274029949239653
2022-08-31 12:00:00	0.3795833658365697
2022-08-31 18:00:00	0.34937122223633293
2022-09-01 00:00:00	0.3581290791014132
2022-09-01 06:00:00	0.35816908835479955
2022-09-01 12:00:00	0.35823612076660155
2022-09-01 18:00:00	0.2845589587342032
2022-09-02 00:00:00	0.2842288208075486
2022-09-02 06:00:00	0.28637565999340453
2022-09-02 12:00:00	0.2750837291324493
2022-09-02 18:00:00	0.2752561415097296
2022-09-03 00:00:00	0.2688576118133833
2022-09-03 06:00:00	0.27234775056397403
2022-09-03 12:00:00	0.2771073252813526
2022-09-03 18:00:00	0.21591923150379397
2022-09-04 00:00:00	0.21301337299808581
2022-09-04 06:00:00	0.22142784412562044
2022-09-04 12:00:00	0.18998413338365955
2022-09-04 18:00:00	0.08891011156192218
2022-09-05 00:00:00	0.08970699432787718
2022-09-05 06:00:00	0.0981052811103761
2022-09-05 12:00:00	0.0834670153363436
2022-09-05 18:00:00	0.08908448394065488
2022-09-06 00:00:00	0.08299007626527194
2022-09-06 06:00:00	0.0881369311569004
2022-09-06 12:00:00	0.08867537276068764
2022-09-06 18:00:00	0.08771237633054942
2022-09-07 00:00:00	1.3068195251971892
2022-09-07 06:00:00	1.3266708090310928
2022-09-07 12:00:00	1.3334290465609808
2022-09-07 18:00:00	1.334300313587069
2022-09-08 00:00:00	1.3354768589666468
2022-09-08 06:00:00	1.3367529032058711
2022-09-08 12:00:00	1.3495621807647387
2022-09-08 18:00:00	1.3526278494229964
2022-09-09 00:00:00	0.11693821666248838
2022-09-09 06:00:00	0.11047015192603248
2022-09-09 12:00:00	0.11206158865556891
2022-09-09 18:00:00	0.1119194105698166
2022-09-10 00:00:00	0.11105151843604502
2022-09-10 06:00:00	0.11067179409163011
2022-09-10 12:00:00	0.0968348705386109
2022-09-10 18:00:00	0.0948085370982407
2022-09-11 00:00:00	0.09455497386538528
2022-09-11 06:00:00	0.09398498751784122
2022-09-11 12:00:00	0.0957367740706502
2022-09-11 18:00:00	0.09689914039746768
2022-09-12 00:00:00	0.09586672709965463
2022-09-12 06:00:00	0.09555550243119715
2022-09-12 12:00:00	0.09529118002186407
2022-09-12 18:00:00	0.09573520177094844
2022-09-13 00:00:00	0.09577271347896726
2022-09-13 06:00:00	0.09525730799160176
2022-09-13 12:00:00	0.09439737556977587
2022-09-13 18:00:00	0.14656536079094468
2022-09-14 00:00:00	0.1818479880064017
2022-09-14 06:00:00	0.18161846271806284
2022-09-14 12:00:00	0.22261223469353492
2022-09-14 18:00:00	0.27056338746928693
2022-09-15 00:00:00	0.2914670611756302
2022-09-15 06:00:00	0.29959372555187125
2022-09-15 12:00:00	0.31053686101742595
2022-09-15 18:00:00	0.4310382997736811
2022-09-16 00:00:00	0.5402234318380971
2022-09-16 06:00:00	0.49754924190558664
2022-09-16 12:00:00	0.4853215429948578
2022-09-16 18:00:00	0.49180885247609596
2022-09-17 00:00:00	0.4571532849722929
2022-09-17 06:00:00	0.3654349610093412
2022-09-17 12:00:00	0.3873236430656621
2022-09-17 18:00:00	0.25170222606661835
2022-09-18 00:00:00	0.19492056428716592
2022-09-18 06:00:00	0.19462725486362903
2022-09-18 12:00:00	0.24465918430123418
2022-09-18 18:00:00	0.23266816565681417
2022-09-19 00:00:00	0.23146944811193057
2022-09-19 06:00:00	0.23926762228833875
2022-09-19 12:00:00	0.24445832504843024
2022-09-19 18:00:00	0.2432176123510281
2022-09-20 00:00:00	0.23119033763224855
2022-09-20 06:00:00	0.22429706114894102
2022-09-20 12:00:00	0.16230308477745917
2022-09-20 18:00:00	0.173405391107453
2022-09-21 00:00:00	0.22774829009451045
2022-09-21 06:00:00	0.3958638441047305
2022-09-21 12:00:00	0.40697855765236507
2022-09-21 18:00:00	0.40842536938227564
2022-09-22 00:00:00	0.4196765153264097
2022-09-22 06:00:00	0.4755523555886693
2022-09-22 12:00:00	0.5294118955562098
2022-09-22 18:00:00	0.5296241025880337
2022-09-23 00:00:00	0.5195149794269524
2022-09-23 06:00:00	0.3323533989964374
2022-09-23 12:00:00	0.28234420180161585
2022-09-23 18:00:00	0.2685060503990479
2022-09-24 00:00:00	0.26433973959542695
2022-09-24 06:00:00	0.26198895220035445
2022-09-24 12:00:00	0.2057590925021938
2022-09-24 18:00:00	0.19704458716609888
2022-09-25 00:00:00	0.1515732760869693
2022-09-25 06:00:00	0.15204501449259672
2022-09-25 12:00:00	0.23074803019435036
2022-09-25 18:00:00	0.2422791373599317
2022-09-26 00:00:00	0.24382765545844942
2022-09-26 06:00:00	0.20141910892090134
2022-09-26 12:00:00	0.24721421371166935
2022-09-26 18:00:00	0.27084244536613244
2022-09-27 00:00:00	0.271185578463257
2022-09-27 06:00:00	0.28443668882223394
2022-09-27 12:00:00	0.2906401570778266
2022-09-27 18:00:00	0.32032974457151214
2022-09-28 00:00:00	0.3225254543702096
2022-09-28 06:00:00	0.3201911596600961
2022-09-28 12:00:00	0.2765898353936696
2022-09-28 18:00:00	0.7590730470787973
2022-09-29 00:00:00	0.7677010718138308
2022-09-29 06:00:00	0.7756653415375292
2022-09-29 12:00:00	0.8011787219490012
2022-09-29 18:00:00	0.7709454305092761
2022-09-30 00:00:00	0.77585727151218
2022-09-30 06:00:00	0.7764842565446851
2022-09-30 12:00:00	0.8381870526216285
2022-09-30 18:00:00	0.32475816785903117
2022-10-01 00:00:00	0.312233314805708
2022-10-01 06:00:00	0.3545342101702823
2022-10-01 12:00:00	0.25004427791592154
2022-10-01 18:00:00	0.2509912246655946
2022-10-02 00:00:00	0.297246315801143
2022-10-02 06:00:00	0.284199510371908
2022-10-02 12:00:00	0.27725321436100653
2022-10-02 18:00:00	0.2192198612584586
2022-10-03 00:00:00	0.23147324340363995
2022-10-03 06:00:00	0.18925118295320725
2022-10-03 12:00:00	0.204355831789171
2022-10-03 18:00:00	0.2023470759083524
2022-10-04 00:00:00	0.18148041617425495
2022-10-04 06:00:00	0.20555957397472951
2022-10-04 12:00:00	0.2071755698641892
2022-10-04 18:00:00	0.19477671699949503
2022-10-05 00:00:00	0.1938730594829552
2022-10-05 06:00:00	0.1951864137975469
2022-10-05 12:00:00	0.22298132456911682
2022-10-05 18:00:00	0.223036299814021
2022-10-06 00:00:00	0.26446529329963603
2022-10-06 06:00:00	0.24458583348751586
2022-10-06 12:00:00	0.3123196290074824
2022-10-06 18:00:00	0.3229831242060977
2022-10-07 00:00:00	0.3227658885851618
2022-10-07 06:00:00	0.313307990031389
2022-10-07 12:00:00	0.2764378796806803
2022-10-07 18:00:00	2.260364044212215
2022-10-08 00:00:00	2.2275724019832577
2022-10-08 06:00:00	2.298664085574666
2022-10-08 12:00:00	2.2243329542836316
2022-10-08 18:00:00	3.5881236219431725
2022-10-09 00:00:00	5.712768053013655
2022-10-09 06:00:00	7.764486747654988
2022-10-09 12:00:00	9.567167450884977
2022-10-09 18:00:00	7.851605962601187
2022-10-10 00:00:00	7.860168319705122
2022-10-10 06:00:00	8.15760150638804
2022-10-10 12:00:00	8.514290872215074
2022-10-10 18:00:00	7.1220868602002305
2022-10-11 00:00:00	4.781338511487951
2022-10-11 06:00:00	2.4051422385575734
2022-10-11 12:00:00	0.19513865927004984
2022-10-11 18:00:00	0.15974334029957366
2022-10-12 00:00:00	0.18414675936656696
2022-10-12 06:00:00	0.18925814383246975
2022-10-12 12:00:00	0.19252092110941385
2022-10-12 18:00:00	0.19388762128192732
2022-10-13 00:00:00	0.1812433616349863
2022-10-13 06:00:00	0.1689584271732608
2022-10-13 12:00:00	0.15735449528862044
2022-10-13 18:00:00	0.15756222210519338
2022-10-14 00:00:00	0.1357924138618855
2022-10-14 06:00:00	1.2901195965581664
2022-10-14 12:00:00	1.2779587176137888
2022-10-14 18:00:00	1.2769970304737954
2022-10-15 00:00:00	1.284743736757828
2022-10-15 06:00:00	1.2656258037744557
2022-10-15 12:00:00	1.2814415683717657
2022-10-15 18:00:00	1.2829097193605288
2022-10-16 00:00:00	1.3274796532737378
2022-10-16 06:00:00	0.13351141561798074
2022-10-16 12:00:00	0.14845677489038508
2022-10-16 18:00:00	0.13784173196098387
2022-10-17 00:00:00	0.12138450243105925
2022-10-17 06:00:00	0.12361446664068644
2022-10-17 12:00:00	0.13149383046837446
2022-10-17 18:00:00	0.12063923435037334
2022-10-18 00:00:00	0.08793764366939193
2022-10-18 06:00:00	0.11465129811245126
2022-10-18 12:00:00	0.10100417539305379
2022-10-18 18:00:00	0.09777614206886585
2022-10-19 00:00:00	0.11192248686111492
2022-10-19 06:00:00	0.21954518551566982
2022-10-19 12:00:00	0.24324519218340274
2022-10-19 18:00:00	0.2748183860038543
2022-10-20 00:00:00	0.27068380745965775
2022-10-20 06:00:00	0.2544117190295201
2022-10-20 12:00:00	0.26770328443460983
2022-10-20 18:00:00	0.32301982590560235
2022-10-21 00:00:00	0.323090533576826
2022-10-21 06:00:00	0.25658355102859665
2022-10-21 12:00:00	0.24868429542127674
2022-10-21 18:00:00	0.27983778489251676
2022-10-22 00:00:00	0.30223578204882334
2022-10-22 06:00:00	0.3236171824012545
2022-10-22 12:00:00	0.7978648420445721
2022-10-22 18:00:00	0.7926687921597131
2022-10-23 00:00:00	0.8350697198554927
2022-10-23 06:00:00	0.8022673414924685
2022-10-23 12:00:00	0.7922272819504081
2022-10-23 18:00:00	0.7458108052557796
2022-10-24 00:00:00	0.7165022550726192
2022-10-24 06:00:00	0.7256072987436186
2022-10-24 12:00:00	0.22892205216336672
2022-10-24 18:00:00	0.1972537686817112
2022-10-25 00:00:00	0.1495621036647629
2022-10-25 06:00:00	0.1501417623560301
2022-10-25 12:00:00	0.1948707240944089
2022-10-25 18:00:00	0.19266107696751353
2022-10-26 00:00:00	0.19328483837425647
2022-10-26 06:00:00	0.196080976165825
2022-10-26 12:00:00	0.4962691663888102
2022-10-26 18:00:00	0.4859526982509583
2022-10-27 00:00:00	0.5496873853418242
2022-10-27 06:00:00	0.6093366831919134
2022-10-27 12:00:00	0.5680892568892523
2022-10-27 18:00:00	0.5902968321339223
2022-10-28 00:00:00	0.5873028554572697
2022-10-28 06:00:00	0.5694300620411996
2022-10-28 12:00:00	0.2648412145223456
2022-10-28 18:00:00	0.31554577303595366
2022-10-29 00:00:00	0.25232859164857485
2022-10-29 06:00:00	0.20189231595457385
2022-10-29 12:00:00	0.1912058809663463
2022-10-29 18:00:00	0.17630578000302907
2022-10-30 00:00:00	0.1765740960103905
2022-10-30 06:00:00	0.16247830477348235
2022-10-30 12:00:00	0.17329645846191852
2022-10-30 18:00:00	0.11812765512287282
2022-10-31 00:00:00	0.17031188253350618
2022-10-31 06:00:00	0.1884159794612263
2022-10-31 12:00:00	0.27258046738589026
2022-10-31 18:00:00	0.25987236142110104
2022-11-01 00:00:00	0.25901055622483254
2022-11-01 06:00:00	0.27002010564063733
2022-11-01 12:00:00	0.2729716076663889
2022-11-01 18:00:00	0.28680156230371867
2022-11-02 00:00:00	0.23376381132614238
2022-11-02 06:00:00	0.20144091511154621
2022-11-02 12:00:00	0.12665198121877475
2022-11-02 18:00:00	0.14013783038344413
2022-11-03 00:00:00	0.13930807654569705
2022-11-03 06:00:00	0.18388462316075693
2022-11-03 12:00:00	0.21390374711566376
2022-11-03 18:00:00	0.19214287713846598
2022-11-04 00:00:00	0.18681984045052105
2022-11-04 06:00:00	0.21096307734455452
2022-11-04 12:00:00	0.29751163557911103
2022-11-04 18:00:00	0.36076143618249623
2022-11-05 00:00:00	0.3524258943702116
2022-11-05 06:00:00	0.2997848721687702
2022-11-05 12:00:00	0.26960985894317263
2022-11-05 18:00:00	0.28009393672033056
2022-11-06 00:00:00	0.268984166435172
2022-11-06 06:00:00	0.26862400319844093
2022-11-06 12:00:00	0.18264489539491977
2022-11-06 18:00:00	0.14316621296682602
2022-11-07 00:00:00	0.14043260146282818
2022-11-07 06:00:00	0.17938598210493792
2022-11-07 12:00:00	0.2310584839234573
2022-11-07 18:00:00	0.2384371846154412
2022-11-08 00:00:00	0.2387018690637787
2022-11-08 06:00:00	0.227826122715968
2022-11-08 12:00:00	0.2396701843091186
2022-11-08 18:00:00	0.23447109176946893
2022-11-09 00:00:00	0.2846655685793588
2022-11-09 06:00:00	0.2849373423276092
2022-11-09 12:00:00	0.2754102406190231
2022-11-09 18:00:00	0.26944736990235924
2022-11-10 00:00:00	0.31117249624204874
2022-11-10 06:00:00	1.2038620488452803
2022-11-10 12:00:00	1.2817709399005974
2022-11-10 18:00:00	1.3429181964617427
2022-11-11 00:00:00	1.314990609863656
2022-11-11 06:00:00	1.3561500404557274
2022-11-11 12:00:00	1.3475430285097998
2022-11-11 18:00:00	1.3498728186948656
2022-11-12 00:00:00	1.3185298325131287
2022-11-12 06:00:00	0.3725912044930252
2022-11-12 12:00:00	0.27612359650269785
2022-11-12 18:00:00	0.23779709587827616
2022-11-13 00:00:00	0.24743857515834589
2022-11-13 06:00:00	0.16907293301332849
2022-11-13 12:00:00	0.13411535233758334
2022-11-13 18:00:00	0.15174906507092617
2022-11-14 00:00:00	0.1518426643055025
2022-11-14 06:00:00	0.15434333510524936
2022-11-14 12:00:00	0.15201506380333418
2022-11-14 18:00:00	0.1506230520366738
2022-11-15 00:00:00	0.14984520382385244
2022-11-15 06:00:00	0.1498900951329244
2022-11-15 12:00:00	0.15234946908494504
2022-11-15 18:00:00	0.15282598994533217
2022-11-16 00:00:00	0.1525545542482134
2022-11-16 06:00:00	0.24134244171786318
2022-11-16 12:00:00	0.24293564941033435
2022-11-16 18:00:00	0.24184089755335572
2022-11-17 00:00:00	0.24220391347596662
2022-11-17 06:00:00	0.24086337669583732
2022-11-17 12:00:00	0.24230792911610072
2022-11-17 18:00:00	0.24049048574212167
2022-11-18 00:00:00	0.24003725490856245
2022-11-18 06:00:00	0.149852830787571
2022-11-18 12:00:00	0.14843872539603645
2022-11-18 18:00:00	0.14981504415352226
2022-11-19 00:00:00	0.1491218682392806
2022-11-19 06:00:00	0.14979739433518655
2022-11-19 12:00:00	0.14970320978535254
2022-11-19 18:00:00	0.14940073739819162
2022-11-20 00:00:00	0.14935658689452888
2022-11-20 06:00:00	0.1498318302517663
2022-11-20 12:00:00	0.15036517142918437
2022-11-20 18:00:00	0.14849396266331852
2022-11-21 00:00:00	0.1481629826617003
2022-11-21 06:00:00	0.14859378661705241
2022-11-21 12:00:00	0.14882536499050142
2022-11-21 18:00:00	0.15008646457791358
2022-11-22 00:00:00	0.15180557650211857
2022-11-22 06:00:00	0.15299413817522048
2022-11-22 12:00:00	0.15243750777656748
2022-11-22 18:00:00	0.15247996468276004
2022-11-23 00:00:00	0.15298164237694054
2022-11-23 06:00:00	0.1514402742186755
2022-11-23 12:00:00	0.1516694159222558
2022-11-23 18:00:00	0.15071281947349593
2022-11-24 00:00:00	0.14988821991449164
2022-11-24 06:00:00	0.17585548029827164
2022-11-24 12:00:00	0.43425414788856886
2022-11-24 18:00:00	0.43617135415907193
2022-11-25 00:00:00	0.4381532874006246
2022-11-25 06:00:00	0.43640593176762515
2022-11-25 12:00:00	0.5693237729897787
2022-11-25 18:00:00	0.569384305283207
2022-11-26 00:00:00	0.5689596154254257
2022-11-26 06:00:00	0.543905658135156
2022-11-26 12:00:00	0.28463319310817614
2022-11-26 18:00:00	0.2830666710217901
2022-11-27 00:00:00	0.28390741050318696
2022-11-27 06:00:00	0.2843339476698732
2022-11-27 12:00:00	0.15051067354632242
2022-11-27 18:00:00	0.15162944864724165
2022-11-28 00:00:00	0.15442043770196415
2022-11-28 06:00:00	0.15371577849225723
2022-11-28 12:00:00	0.15483297130101528
2022-11-28 18:00:00	0.15393199119513792
2022-11-29 00:00:00	0.15377140457442004
2022-11-29 06:00:00	0.15371281068474185
2022-11-29 12:00:00	0.15433788381439936
2022-11-29 18:00:00	0.15200991757293095
2022-11-30 00:00:00	0.1508179741683295
2022-11-30 06:00:00	0.15027542888671808
2022-11-30 12:00:00	0.15221909014206253
2022-11-30 18:00:00	0.146140100144111
2022-12-01 00:00:00	0.14589577402144574
2022-12-01 06:00:00	0.14742549201251187
2022-12-01 12:00:00	0.14845845827270987
2022-12-01 18:00:00	0.15046388566872043
2022-12-02 00:00:00	0.15165124487982154
2022-12-02 06:00:00	0.15121194644366182
2022-12-02 12:00:00	0.14930023252443586
2022-12-02 18:00:00	0.1548662248136575
2022-12-03 00:00:00	0.1556193337475959
2022-12-03 06:00:00	0.15662271985854154
2022-12-03 12:00:00	0.16632359206335748
2022-12-03 18:00:00	0.16519776301729938
2022-12-04 00:00:00	0.20063858858231656
2022-12-04 06:00:00	0.38990321523427857
2022-12-04 12:00:00	0.4117825201143836
2022-12-04 18:00:00	0.415549593463023
2022-12-05 00:00:00	0.41349342995471156
2022-12-05 06:00:00	0.5200446832849666
2022-12-05 12:00:00	0.5413865641922698
2022-12-05 18:00:00	0.5381676523871574
2022-12-06 00:00:00	0.5068434911880314
2022-12-06 06:00:00	0.3167406892965428
2022-12-06 12:00:00	0.2947718038325291
2022-12-06 18:00:00	0.2934447234037967
2022-12-07 00:00:00	0.2926175289123147
2022-12-07 06:00:00	0.18521240802150138
2022-12-07 12:00:00	0.15361441817059046
2022-12-07 18:00:00	0.15524832489184368
2022-12-08 00:00:00	0.1560707674163268
2022-12-08 06:00:00	0.1577492718232279
2022-12-08 12:00:00	0.19981764978831817
2022-12-08 18:00:00	0.18820118413310397
2022-12-09 00:00:00	0.18821329702190193
2022-12-09 06:00:00	0.1893626934050616
2022-12-09 12:00:00	0.18739789957200823
2022-12-09 18:00:00	0.18574368066622607
2022-12-10 00:00:00	0.18449251708482542
2022-12-10 06:00:00	0.18426973346065978
2022-12-10 12:00:00	0.14198349936611881
2022-12-10 18:00:00	0.15473196419360052
2022-12-11 00:00:00	0.15513229606095763
2022-12-11 06:00:00	0.15441811338540742
2022-12-11 12:00:00	0.1575192094269456
2022-12-11 18:00:00	0.15868449228035308
2022-12-12 00:00:00	0.1569081886121835
2022-12-12 06:00:00	0.19989182977633632
2022-12-12 12:00:00	0.21191202314653748
2022-12-12 18:00:00	0.21167816413479512
2022-12-13 00:00:00	0.21322009020260618
2022-12-13 06:00:00	0.21312557721661418
2022-12-13 12:00:00	0.21381782541516106
2022-12-13 18:00:00	0.2057984019113588
2022-12-14 00:00:00	0.20702616361222786
2022-12-14 06:00:00	0.24557272674263259
2022-12-14 12:00:00	0.23419478684409706
2022-12-14 18:00:00	0.2328347932186898
2022-12-15 00:00:00	0.2335220152774005
2022-12-15 06:00:00	0.23441032596532815
2022-12-15 12:00:00	0.23469256856610018
2022-12-15 18:00:00	0.24391445349221316
2022-12-16 00:00:00	0.2410060328607057
2022-12-16 06:00:00	1.8516305235274984
2022-12-16 12:00:00	1.8411257967287291
2022-12-16 18:00:00	1.8403550081893756
2022-12-17 00:00:00	1.8371389787775025
2022-12-17 06:00:00	1.858328495266178
2022-12-17 12:00:00	1.8491290235214752
2022-12-17 18:00:00	1.8502120105282711
2022-12-18 00:00:00	1.847633365271167
2022-12-18 06:00:00	0.1592839446152189
2022-12-18 12:00:00	0.1712645111585075
2022-12-18 18:00:00	0.17257503748765343
2022-12-19 00:00:00	0.17323242212972667
2022-12-19 06:00:00	0.14139691092760287
2022-12-19 12:00:00	0.17489332618865988
2022-12-19 18:00:00	0.17372913396595738
2022-12-20 00:00:00	0.17423560943189467
2022-12-20 06:00:00	0.1743344112973971
2022-12-20 12:00:00	0.175415879997289
2022-12-20 18:00:00	0.1747560253624763
2022-12-21 00:00:00	0.1757702337230716
2022-12-21 06:00:00	0.17655331245427064
2022-12-21 12:00:00	0.15694417563319288
2022-12-21 18:00:00	0.15830117252855647
2022-12-22 00:00:00	0.15717302212787176
2022-12-22 06:00:00	0.15776661799510247
2022-12-22 12:00:00	0.18425667123622638
2022-12-22 18:00:00	0.1837194676401517
2022-12-23 00:00:00	0.26783402437389553
2022-12-23 06:00:00	0.36316401991175556
2022-12-23 12:00:00	0.36071217018545826
2022-12-23 18:00:00	0.3616759563703234
2022-12-24 00:00:00	0.36367105911826997
2022-12-24 06:00:00	0.36477760635794326
2022-12-24 12:00:00	0.34065635958093343
2022-12-24 18:00:00	0.34231011903674713
2022-12-25 00:00:00	0.2603212614612234
2022-12-25 06:00:00	0.1910357126736985
2022-12-25 12:00:00	0.2113113210529578
2022-12-25 18:00:00	0.21160731745131253
2022-12-26 00:00:00	0.2111236030767879
2022-12-26 06:00:00	0.2125017801573696
2022-12-26 12:00:00	0.21097533344770394
2022-12-26 18:00:00	0.21088385364043355
2022-12-27 00:00:00	0.21236627485097456
2022-12-27 06:00:00	0.21249875367477555
2022-12-27 12:00:00	0.1923636859873328
2022-12-27 18:00:00	0.6126661924106857
2022-12-28 00:00:00	0.6119679216433033
2022-12-28 06:00:00	0.6043124194015735
2022-12-28 12:00:00	0.6049316657439741
2022-12-28 18:00:00	0.73453110081882
2022-12-29 00:00:00	0.7532691343530333
2022-12-29 06:00:00	0.794683585759326
2022-12-29 12:00:00	1.0421063050388708
2022-12-29 18:00:00	0.6270774987854483
2022-12-30 00:00:00	0.646965041796066
2022-12-30 06:00:00	0.7436769486633915
2022-12-30 12:00:00	0.8497494111200126
2022-12-30 18:00:00	0.7218251860329805
2022-12-31 00:00:00	0.7024300854953964
2022-12-31 06:00:00	0.7603111245766059
2022-12-31 12:00:00	0.5560223589453784
2022-12-31 18:00:00	0.6211726998949068
2023-01-01 00:00:00	0.5949023354750047
2023-01-01 06:00:00	0.4994551386881031
2023-01-01 12:00:00	0.8890023186908291
2023-01-01 18:00:00	0.8918909516617433
2023-01-02 00:00:00	1.900131236962528
2023-01-02 06:00:00	2.5628209396182826
2023-01-02 12:00:00	2.341857455595641
2023-01-02 18:00:00	2.5021726944327702
2023-01-03 00:00:00	2.5165802688421577
2023-01-03 06:00:00	2.5127434062818783
2023-01-03 12:00:00	2.126748316123089
2023-01-03 18:00:00	2.123015458765864
2023-01-04 00:00:00	1.3068262681048424
2023-01-04 06:00:00	0.8181503056832098
2023-01-04 12:00:00	0.9431665658610077
2023-01-04 18:00:00	0.5722595562527938
2023-01-05 00:00:00	0.7793820329926864
2023-01-05 06:00:00	0.950432898988759
2023-01-05 12:00:00	1.0437478490052534
2023-01-05 18:00:00	1.428858809988252
2023-01-06 00:00:00	1.429151784485918
2023-01-06 06:00:00	1.2679605975703316
2023-01-06 12:00:00	1.112028203197968
2023-01-06 18:00:00	1.133233068220173
2023-01-07 00:00:00	0.9117319267987657
2023-01-07 06:00:00	0.764367328501934
2023-01-07 12:00:00	0.6230483711085452
2023-01-07 18:00:00	0.9279099157801795
2023-01-08 00:00:00	1.0044644638939806
2023-01-08 06:00:00	1.0018166857393611
2023-01-08 12:00:00	1.0008146928289705
2023-01-08 18:00:00	0.9678270412445057
2023-01-09 00:00:00	0.969749388254784
2023-01-09 06:00:00	0.9365873928975367
2023-01-09 12:00:00	0.9356976963335697
2023-01-09 18:00:00	0.21359459896612704
2023-01-10 00:00:00	0.13503082720832968
2023-01-10 06:00:00	0.1473753585521555
2023-01-10 12:00:00	0.1468799449370212
2023-01-10 18:00:00	0.15822819498216728
2023-01-11 00:00:00	0.235660740042268
2023-01-11 06:00:00	0.32462390781564066
2023-01-11 12:00:00	0.3240055866671155
2023-01-11 18:00:00	0.309384906504365
2023-01-12 00:00:00	0.30875381913365113
2023-01-12 06:00:00	0.30753535162975515
2023-01-12 12:00:00	0.3183215154141984
2023-01-12 18:00:00	0.30402092056103863
2023-01-13 00:00:00	0.219624445600988
2023-01-13 06:00:00	0.15254590552836864
2023-01-13 12:00:00	0.18559443438778192
2023-01-13 18:00:00	0.19666253932028943
2023-01-14 00:00:00	0.19698805663973992
2023-01-14 06:00:00	0.23765136803487333
2023-01-14 12:00:00	0.22962686325156878
2023-01-14 18:00:00	0.2404814584333901
2023-01-15 00:00:00	0.2402839859256403
2023-01-15 06:00:00	0.2222760432623859
2023-01-15 12:00:00	0.19116259187487195
2023-01-15 18:00:00	0.18967875313611102
2023-01-16 00:00:00	0.1906830487152427
2023-01-16 06:00:00	0.14803537016289953
2023-01-16 12:00:00	0.1892950651514648
2023-01-16 18:00:00	0.22425050281425044
2023-01-17 00:00:00	0.22773050469512343
2023-01-17 06:00:00	0.22820762532126604
2023-01-17 12:00:00	0.2695827993930128
2023-01-17 18:00:00	0.2698927518463484
2023-01-18 00:00:00	0.40160291117213953
2023-01-18 06:00:00	0.43432471189220984
2023-01-18 12:00:00	0.39221240673031627
2023-01-18 18:00:00	0.35699538418443066
2023-01-19 00:00:00	0.3523429948235936
2023-01-19 06:00:00	0.35392312465223463
2023-01-19 12:00:00	0.3124173419580886
2023-01-19 18:00:00	0.31222371813118865
2023-01-20 00:00:00	0.18211723204355684
2023-01-20 06:00:00	0.15098882091747237
2023-01-20 12:00:00	0.15120440127365348
2023-01-20 18:00:00	0.15283747679084442
2023-01-21 00:00:00	0.15117214573460241
2023-01-21 06:00:00	0.15234862329143942
2023-01-21 12:00:00	0.15200791908743116
2023-01-21 18:00:00	0.15273905694505413
2023-01-22 00:00:00	0.15277910441695658
2023-01-22 06:00:00	0.1516079189591573
2023-01-22 12:00:00	0.1512815926284729
2023-01-22 18:00:00	0.150640757999721
2023-01-23 00:00:00	0.15076748036899665
2023-01-23 06:00:00	0.15128208012123498
2023-01-23 12:00:00	0.1470026357816032
2023-01-23 18:00:00	0.13665788910088608
2023-01-24 00:00:00	0.13696806850859827
2023-01-24 06:00:00	0.12258123931037529
2023-01-24 12:00:00	0.124042679798885
2023-01-24 18:00:00	0.12338496809157848
2023-01-25 00:00:00	0.1232608688033854
2023-01-25 06:00:00	0.12380087941435745
2023-01-25 12:00:00	0.12996311604308464
2023-01-25 18:00:00	0.14134248955425155
2023-01-26 00:00:00	0.1403854493215906
2023-01-26 06:00:00	0.15380683667736422
2023-01-26 12:00:00	0.23680888286705706
2023-01-26 18:00:00	0.23865892446256087
2023-01-27 00:00:00	0.23809769576959697
2023-01-27 06:00:00	0.24061448230640436
2023-01-27 12:00:00	0.2501378518669817
2023-01-27 18:00:00	0.24224828666895046
2023-01-28 00:00:00	0.2433978002130323
2023-01-28 06:00:00	0.22076519395004662
2023-01-28 12:00:00	0.11555025740493714
2023-01-28 18:00:00	0.11530626997276469
2023-01-29 00:00:00	0.11554941376944909
2023-01-29 06:00:00	0.11782498937649322
2023-01-29 12:00:00	0.3539065686090844
2023-01-29 18:00:00	0.34906623578597556
2023-01-30 00:00:00	0.3495971553373446
2023-01-30 06:00:00	0.5619430900893698
2023-01-30 12:00:00	0.8608646191979067
2023-01-30 18:00:00	0.8601756613300918
2023-01-31 00:00:00	0.8595393725731019
2023-01-31 06:00:00	0.8600722776314754
2023-01-31 12:00:00	0.6285613738560079
2023-01-31 18:00:00	0.6368212699631416
2023-02-01 00:00:00	0.6354409160686352
2023-02-01 06:00:00	0.4474332388871104
2023-02-01 12:00:00	0.20052917366956985
2023-02-01 18:00:00	0.33682126996314167